firstname,lastname
TBA,TBA
Barb,Stefanyshyn-Cote
Ryan,Brook
Elaine,Hulse
Terence,Clark
Terry,Billings
Xiao,Han
Jordan,Schwab
Frances,Robson
Jacob,Semko
Monique,Blom
Sandra,Herron
Melissa,Arcand
Daryl,Janzen
Manar,Angrini
Jeffrey,Lane
Lesya,Sabada
David,Sanders
Kyle,McLeister
A.,DeVito
Mohsin,Jat
Mustafa,Avci
Tom,Porter
Parminder,Kang
Julie,Tsui
Amarjit,Gill
Punam,Pahwa
Jeffrey,Long
Matthew,Miller
Eric,Neufeld
Jason,Bernard
Banani,Roy
Julie,Roy
Kevin,Lewis
Debbie,Pushor
Linda,Wason-Ellam
Iain,Rose
Beverley,Kobelsky
Anna,Klimina
Jingang,Zhao
Judy,Fernuk
Stephanie,Martin
Pei-Ying,Lin
Alex,Wilson
Orest,Murawsky
Warren,Noonan
Anne,Sloboda
Keith,Walker
Bill,Gulka
Bonnie,Stelmach
Paul,Newton
Marcia,McKenzie
Verna,Denis
Sheelah,McLean
Jay,Wilson
Marguerite,Koole
Henriette,Morelli
Rhonda,Anderson
Rita,Matlock
Robert,Imes
Jon,deTombe
Jesse,Stothers
Barbara,Langhorst
Irena,Creed
Chris,Holmden
Mylan,Tootoosis
Liz,Mooney
Winona,Wheeler
Liv,Marken
Haizhen,Mou
Tenille,Flick
Jeffrey,Klassen
Eleonora,Usenkova
Vincent,Bruni-Bossio
Keith,Willoughby
Vernon,Bachiu
Michael,Hernik
Douglas,Kalesnikoff
Kai,Bauman
Chris,Burnley
Ganesh,Vaidyanathan
Erica,Smith
Suresh,Kalagnanam
Lawrence,Chang
Stavros,Stavrou
Mikelis,Bickis
Qingde,Yang
Izabela,Vlahu
Mohamad,Alwan
Fatemeh,Golmakani
Chris,Zhang
Tara,Lee
Schaana,Kamp
Allison,Fairbairn
Anna,Power-Horlick
Shasha,Abdulnour
Kira,Klitch
Dawna,Fletcher-Tung
Alicia,Middlebrook
Sharon,Avey
Kelsey,Derkach
Tish,King
Louise,Racine
Cheryl,Cummings
Tania,Bergen
Gerri,Lasiuk
Patience,Asiamah
Angela,Bowen
Megan,Alberts
Pammla,Petrucka
Carol,Henry
Shauna,Gerwing
Courtney,Quiring
William,Buschert
Stephanie,Madill
Peggy,Proctor
Kaori,Tanaka
Kathryn,McWilliams
Stan,Bardal
Gordon,Enns
Jason,Zorbas
Danette,Starblanket
Joe,Garcea
Neil,Hibbert
Lee,Sanders
Jorden,Cummings
Jim,Cresswell
Alexandra,Zidenberg
Martin,Rempel
Natalie,Dinsdale
Stacey,McHenry
Cindy,Shmon
Bryan,Puk
Susan,Robertson
Nancy,Poon
Osama,Bataineh
Carrie,Prefontaine
Marie,Lovrod
Devan,Mescall
Stuart,Smyth
David,Engdahl
David,Natcher
Tristan,Skolrud
Kim,Sanderson
Robert,Roy
Suren,Kulshreshtha
James,Nolan
Kathy,Larson
Patrick,Lloyd-Smith
Peter,Slade
Kenneth,Belcher
Richard,Gray
Krista,Wilde
Ravindra,Chibbar
Olanike,Aladenola
Barbara,Evans
Dianne,Winkelman-Sim
Mohamed,Ahmed
Julia,Boughner
Dawn,Giesbrecht
Dean,Chapman
William,Kulyk
Helen,Nichol
Adel,Mohamed
Valerie,Verge
Brian,Eames
Murray,Drew
Andrew,Kessel
Matthew,Links
Fiona,Buchanan
Colin,Peterson
Greg,Penner
Tim,Mutsvangwa
Rex,Newkirk
Bart,Lardner
Karen,Schwean-Lardner
Brenda,Zeman
Martyne,Farris
Denise,Huynh
Natalia,Khanenko-Friesen
Pamela,Downe
Alexander,Ervin
Jim,Waldram
Susanna,Barnes
Maxym,Chaban
Yongfeng,Ai
Takuji,Tanaka
Gaballah,Saad
Aileen,Novecosky
Tatiana,Nomokonova
Glenn,Stuart
Tina,Greenfield
Kirsten,Falzarano
Maryann,Scott
Ernie,Walker
Laura,Pierre
Clinton,Hunker
Allyson,Glenn
Gale,Hagblom
Gabriela,Rodriguez
Nicolas,Leroy
Grant,McConnell
John,Graham
Fatemeh,Ebrahimnejadnamini
Tim,Nowlin
Susan,Shantz
Jennifer,Crane
Lisa,Birke
Alison,Norlen
Jon,Bath
Mary,Longman
Sharon,Wright
Benjamin,Ralston
Rainer,Dick
Simone,Hagey
Kyle,Anderson
Tricia,Ulmer
Scot,Stone
Stanley,Moore
Miroslaw,Cygler
Yu,Luo
Jeremy,Lee
Kimberly,MacKay
Anthony,Kusalik
Oon-Doo,Baik
Jorge,Chedrese
Douglas,Smith
Cynthia,Swan
Paul,Dick
Daniel,Schott
Kimberly,Cross
Hamilton,Greenwood
Joanne,Marchand
Gwen,Machnee
Hugo,Sanchez
Joel,Yurach
Indermohan,Rawal
Sheri,Fisher
Christopher,Todd
Andres,Posso-Terranova
Philip,McLoughlin
Scott,Halpin
Douglas,Chivers
Gillian,Murza
James,Benson
Byung-Kook,Ham
Jacey,Bell
Susan,Kaminskyj
Art,Davis
Tracy,Marchant
Jack,Gray
Neil,Chilton
Christy,Morrissey
Soumya,Niyogi
Anh,Dinh
Fangxiang,Wu
Daniel,Chen
Oleg,Dmitriev
Scott,Napper
Harold,Bull
Jennifer,Chlan-Fourney
Ramji,Khandelwal
Yen-Han,Lin
Ding-Yu,Peng
Richard,Evitts
Ajay,Dalai
Majak,Mapiour
Amira,Abdelrasoul
Gang,Li
Mehdi,Nemati
Shafiq,Alam
Jafar,Mohammadzadeh
Catherine,Niu
Adrian,Clark
Pearson,Ahiahonu
Tom,Ellis
Stephen,Urquhart
Anna,Szmigielski
Mojtaba,Biniaz
Levent,Inci
Julie,Thompson
Ian,Burgess
Robert,Scott
Tara,Kahan
Timothy,Kelly
Lee,Wilson
Marcelo,Sales
Steven,Langdon
Matthew,Paige
Jens,Mueller
Richard,Bowles
David,Palmer
Eleanor,Shia
Bradley,Schmid
Moh,Boulfiza
Kerry,Mazurek
Haithem,Soliman
Jian,Peng
Ian,Fleming
Tracy,McArthur
Tara,Reichert
Amin,Elshorbagy
David,Elwood
Ian,MacPhedran
Grant,Ferguson
Christopher,Hawkes
John,Porter
David,Parkinson
Yin,Liu
Lewis,Stiles
Zachary,Yuzwa
Nili,Berner
Jane,Caulfield
Grant,Wilson
Rob,Harasymchuk
Tyler,Case
Brooke,Dobni
Carolyn,Augusta
Erica,Carleton
Megan,Walsh
Carla,Odnokon
Vanessa,Leon
Trevor,Maber
Ryan,Hockley
Ryan,Diekema
Aleksandar,Ilic
Rob,Hipkin
Brandy,Mackintosh
Gary,Entwistle
Glen,Kobussen
Brian,Lane
Dev,Mishra
Sameer,Chhetry
Ken,Hackney
Dawn,Dobni
David,Williams
Brooke,Klassen
Rosemary,Venne
Samuel,Goldstein
Robert,Jackson
Lorelei,Nickel
Tammy,Martins
Karim,Tharani
Jacques,Toupin
David,Zhang
Will,Murphy
Marc,Mentzer
Cheryl,Loadman
Amanda,Everitt
Monica,Sarghie
Fan,Yang
George,F
Scott,Walsworth
Steven,Seiferling
Mehran,Hojati
Ian,Wilkinson
Matthew,Wawryk
Nathalie,Johnstone
Regan,Schmidt
Lee,Swanson
Kelly,Herdin
Min,Maung
Marie,Racine
Brent,Wellman
Gary,Mearns
Joe,Schmidt
Bonnie,Janzen
Rachel,Engler-Stringer
June,Lim
Sylvia,Abonyi
Lori,Hanson
Anne,Leis
Nazeem,Muhajarine
Khan,Wahid
Chandler,Janzen
Li,Chen
Seok-Bum,Ko
Daniel,Teng
Brian,Berscheid
James,Carter
Ed,Pokraka
Nisha,Puthiyedth
Arlin,Schaffel
Mark,Keil
Cody,Phillips
Michael,Horsch
Dwight,Makaroff
Debajyoti,Mondal
Nathaniel,Osgood
Ellen,Redlick
Chris,Dutchyn
Chanchal,Roy
Derek,Eager
Ian,McQuillan
Nadeem,Jamali
Randy,Morin
Laura,Burnouf
Eric,Hamm
Tim,Molnar
Geraldine,Balzer
Kristine,Dreaver-Charles
Gail,MacKay
Maureen,Braun
Lisa,Krol
Hanna,Jodrey
Beverley,Brenna
Brenda,Kelly
Deborah,Gibson-Dingwall
Ashley,Grimard
Mika,Lafond
Nat,Banting
James,Taylor
Terry,Johanson
Brian,Chipperfield
Hyunjung,Shin
Andrejs,Kulnieks
Susan,Pattison
Bente,Huntley
Ryan,Banow
Rita,Naeschke
Jean,Campbell
Brian,Linn
Louise,Humbert
Jennifer,Bergen
Michael,Soares
Angie,Caron
Jeannette,Eddolls
Rena,Coursey
Ricardo,Arisnabareeta
Douglas,Njaa
Nadia,Prokopchuk
Shannon,Storey
Karlie,Butler
Ruth,Epstein
Cheryl,Redekopp
Brenda,Kalyn
Darrin,Oehlerking
Dirk,Morrison
Laurie,Kuliasa
Kellie,Glass
Christine,Downing
Gerry,Uswak
Abbas,Jessani
Douglas,Brothwell
Jay,Hoover
Susan,Gilmer
Rick,Bohay
Joseph,Blondeau
Perry,Kurz
Jory,Longworth
Dean,Kolbinson
Kabir,Virdi
David,Stark
Amrinderbir,Singh
Petros,Papagerakis
Francisco,Otero-Cagide
Mark,Berscheid
Ahmed,Hussain
Vincent,Torresyap
Amanda,Gruza
Jay,Lalli
Peter,Doig
Maria,Copete
Reginald,Anholt
Raymon,Montalbetti
Roxanne,Dicke
Daniel,Macdonald
David,Granger
Carol,Greyeyes
Kenn,McLeod
Dwayne,Brenna
Treena,Stubel
Curtis,Henschel
Skye,Brandon
Moira,Day
Carla,Orosz
Julia,Jamison
Harry,Chartrand
Wendy,Doell
Shelley,Coggins
Nancy,Lee
Saeed,Moshiri
Alfons,Boving
Donald,Gilchrist
Mobinul,Huq
Nazmi,Sari
Guidon,Braverman
Eric,Howe
Enchuan,Shao
Andreas,Pollak
Joel,Bruneau
Vince,Anderson
Deb,Cooke
Laurie-Ann,Hellsten-Bzovey
Amin,Mousavi
Diane,Clark
Dabney,Warren
Edith,Kadachuk
Tanya,Becker
Tyler,Bergen
Randi,Barker
Kathleen,Pryor-Hildebrandt
Chandra,McDougald
Beige,Unger
David,Burgess
Greg,McJannet
Lori-Ann,Daniels
Dallas,Puto
Scott,Tunison
Gwen,Dueck
Vicki,Squires
Janet,Okoko
Suzanne,Zwarych
Michael,Cottrell
Jing,Xiao
Jacqueline,Ottmann
Michelle,Prytula
Dawn,Wallin
Karla,Williamson
Janet,McVittie
Jed,Huntley
Dianne,Miller
Marie,Battiste
Paul,Orlowski
Carmen,Gillies
Lynn,Lemisko
Scott,Thompson
Barbara,Wotherspoon
Shaun,Murphy
Paula,MacDowell
Robert,Johanson
Andrew,Kostiuk
Ebrahim,Mohamed
Aryan,Mehr
David,Klymyshyn
Rajesh,Karki
Nurul,Chowdhury
Francis,Bui
Sherif,Faried
Ramakrishna,Gokaraju
Brian,Daku
Sven,Achenbach
Safa,Kasap
Ha,Nguyen
Andrei,Smolyakov
Brian,Zulkoskey
Drew,Bertwistle
Robert,Green
Michael,Bradley
Doug,Degenstein
Douglas,Thorpe
Joanne,Leow
Danila,Sokolov
Richard,Harris
Daniel,Krahn
Jade,McDougall
Kevin,Flynn
Francis,Zichy
Emily,Morris
Celene,Sidloski
Jessica,McDonald
Sheheryar,Sheikh
Ann,Martin
Shakti,Brazier-Tompkins
William,Bartley
Ella,Ophir
Glorie,Tebbutt
Justine,Gieni
Carleigh,Brady
Michael,Cichon
Matthew,Wincherauk
Marcus,Rayner
Betty,Ternier-Daniels
Brooks,McMullin
Wendy,Roy
Brian,Cotts
Gerald,White
Gail,Osachoff
Leslie,Knoll
Jeanette,Lynes
Sheri,Benning
Ron,Cooley
Kylee-Anne,McKechnie
Lindsey,Banco
Janice,Acoose
Sarah,Powrie
Barbara,Bordalejo
Brent,Nelson
Kathleen,James-Cavan
Kristina,Bidwell
Peter,Robinson
Cynthia,Wallace
Allison,Muri
Colin,Whitfield
James,Robson
Helen,Baulch
Maureen,Reed
M.J.,Barrett
Saman,Razavi
Andrew,Ireson
Graham,Strickert
WonJae,Chang
Kerry,McPhedran
Warren,Helgason
Colin,Laroque
Diane,Knight
Chukwudi,Amadi
Joel,Ens
Eric,Lamb
Steven,Siciliano
Derek,Peak
Bonnie,Novotny
Craig,Wilson
George,Tannous
Supratim,Ghosh
Phyllis,Shand
Yuanlong,Cao
Xianming,Zhao
Vladimir,Vujanovic
Adrienne,Woytowich
Nicholas,Low
Robert,Tyler
Marie-Diane,Clarke
Romain,Chareyron
Mawuli,Kugblenu
Chizoba,Azubogu
Heather,Wagg
Nelly,Plantiveau
Stephane,Gerard
Alasdair,Rees
Tania,Duclos
Helena,Silva
Henri,Manfouo
Stella,Spriet
Bruce,Sparling
Joel,Frey
Jason,Cousins
Jim,Bugg
Mark,Wurtz
Glyn,Kennell
Venkatesh,Meda
Allan,Dolovich
Sarah,Gauthier
Tate,Cao
Randi,Strunk
Carey,Simonson
Sean,Maw
Xulin,Guo
Rodney,Johnson
Paul,Hackett
Peter,Goode
Lynette,Jacobson
Winston,Zeng
Dirk,Boer
Krystopher,Chutko
Robert,Patrick
Bram,Noble
Alec,Aitken
Scott,Bell
Nicholas,Kinar
Jill,Blakley
Phillip,Harder
Ryan,Walker
Lenore,Swystun
David,Ferris
Donna,Beneteau
Douglas,Milne
William,Patterson
Karla,Panchuk
Michael,Cuggy
Meagan,Gilbert
Yuanming,Pan
Camille,Partin
Tim,Prokopiuk
James,Merriam
Joyce,McBeth
Kevin,Ansdell
Matt,Lindsay
Brian,Pratt
Ingrid,Pickering
Steve,Halabura
Samuel,Butler
Graham,George
Bruce,Eglington
Josephin,Dick
Nazreen,Beaulieu
Martha,Smith-Norris
Trever,Crowe
Wenona,Partridge
Jill,McMillan
Peggi-Lynn,Gatin
David,Cooper
Marla,Mickleborough
Krista,Mathias
Alisha,Pomazon
Matthew,Neufeld
Geoffrey,Cunfer
Ashleigh,Androsoff
Mark,Geldof
Clay,Burlingham
Karin,Tate
Katie,Labelle
Alessio,Ponzio
Andrew,Watson
Cheryl,Troupe
Simonne,Horwitz
Gary,Luk
George,Keyworth
Frank,Klaassen
Angela,Kalinowski
Benjamin,Hoy
Mirela,David
Robert,Englebert
Erika,Dyck
Mark,Meyers
Vanessa,Young
Bonny,Lundberg
Tyler,Guerrieri
Jill,Turner
Bobby,Henry
Terrance,Pelletier
Colleen,Charles
Jennifer,Rooke
Leah,Dorion
Sherri,Swidrovich
Harry,Lafond
Emily,Snyder
Simon,Lambert
Denise,Hahn
Kevin,Pilon
Priscilla,Settee
Bonita,Beatty
Michelle,Johnson-Jennings
Michael,Gertler
Marilyn,Iwasyk
Katherine,Springford
Christopher,Hrynkow
Colleen,Bell
Matthew,Mitchell
Martin,Gaal
Dion,Martens
Robert,Hawkins
Murray,Fulton
Peggy,Schmeiser
Martin,Boucher
Bruno,Dupeyron
Justin,Longo
Cheryl,Camillo
Yang,Yang
Margot,Hurlbert
Jacquie,Thomarat
Ken,Rasmussen
Jeremy,Rayner
Christopher,Gunter
Izumi,Adachi
Erin,Barbour-Tuck
Marta,Feltis
Patricia,Kikcio
Joel,Dyck
Carly,Priebe
Shannon,Forrester
Natalie,Houser
Doug,Hillis
James,Goulet
Joel,Lanovaz
Heather,Foulds
Carol,Rodgers
Kent,Kowalski
Jocelyn,Blouin
Mark,Epp
Brandon,Blenkarn
Michelle,Weimer
Gray,Ferguson
Leah,Ferguson
Bruce,Craven
Al,Bodnarchuk
Kevin,Spink
Paul,Gustafson
Roberta,Panchuk
Paul,Rogal
Alison,Oates
Adam,Baxter-Jones
Jon,Farthing
Clarissa,Meadows
Jerry,Friesen
Mark,Dodds
Kelly,Wells
Diego,Fernandez
John,Harding
Cheryl,Waldner
Spence,Barber
Dinesh,Dadarwal
Stephen,Manning
Fabienne,Uehlinger
Tasha,Epp
James,Carmalt
Katherine,Robinson
Michael,Plaxton
Keir,Vallance
Clayton,Bangsund
Ronald,Cuming
Dwight,Newman
Jared,Epp
Kent,McNeil
Barbara,Tigerstrom
Felix,Hoehn
Lauren,Wihak
Ibironke,Odumosu-Ayanu
Patricia,Farnese
Greg,Walen
Robert,Kennedy
Thomas,Roberts
Brent,Cotter
Doug,Surtees
Lori,Sandstrom-Smith
Lucinda,Vandervort
Bill,Roe
Earl,Kalenith
Amanda,Doucette
Michaela,Keet
Mark,Baerg
Chris,Donald
Gisele,Dumonceaux
Jason,MacLean
Grant,Scharfstein
Norman,Zlotkin
Heather,Heavin
Robin,Hansen
Hilary,Peterson
Eleni,Arvanitis-Zorbas
Wanda,Wiegers
Tamara,Larre
Gholamreza,Haghighat
Olga,Lovick
Bettina,Spreng
Jesse,Stewart
Chris,Wagner
Marjorie,Delbaere
Barbara,Phillips
Maureen,Bourassa
Derek,Postnikoff
Catherine,Famiglietti
John,Martin
Gary,Au
Raj,Srinivasan
Christopher,Duffy
Jenna,Rajchgot
Jacek,Szmigielski
Jiun-Chau,Wang
George,Patrick
Steven,Rayan
Raymond,Spiteri
Alexey,Shevyakov
Ale,Malusa
Cameron,Franc
Ebrahim,Samei
Jerzy,Szpunar
Akindele,Odeshi
David,Torvi
Donald,Bergstrom
Ikechukwuka,Oguocha
Reza,Fotouhi
Jocelyn,Peltier-Huntley
James,Johnston
Travis,Wiens
Qiaoqin,Yang
Greg,Malin
Jacqueline,Kraushaar
Joelle,McBain
Harry,Deneer
Linda,Chelico
Kerri,Kobryn
Wei,Xiao
Joyce,Wilson
Bill,Roesler
Peter,Bretscher
Sidney,Hayes
Sylvia,Hurk
Alex,Loewen
Gregory,Marion
Amanda,Lalonde
David,Bindle
Dean,McNeill
Gerard,Weber
Steven,Cannon
Garry,Gable
Kathleen,Solose
Jennifer,Lang
Bonnie,Nicholson
Kathy,Gable
Janice,Paterson
Glen,Gillis
Brenda,Moats
Margaret,Wilson
Erin,Brophey
Marie,Sellar
Donald,Schmidt
Dawn,Belyk
Walter,Hofmeister
Veronique,Mathieu
Richard,Carnegie
Darrell,Bueckert
James,Hawn
Heather,McWhinney
Ken,Coates
Jill,Zdunich
Diane,Campbell
Anthony,Padua
Erin,Graham
Jodie,Bigalky
April,Mackey
Meranne,Jonsson
Tania,Kristoff
Lorraine,Plaksy
Lisa,Rock
Kristen,McKenzie
Schroder,Sattar
Alexandra,Galli
Regine,Gerow-Scissons
Leegay,Jagoe
Twyla,Bode
Susan,Bazylewski
Louise,Copeland
Eden,Kifle
Carla,Ransom
Donna,Flahr
Tye,Buettner
Kelly,Penz
Carmen,Brunskill
Maxine,Watt
Shea,Swank
Mekalia,Omar
Ellen,Klassen
Mobola,Ogunbiyi
Paul,Lee
Brenda,Hantke
Sithokozile,Maposa
Shelley,Spurr
Heather,Wolch
Renee,Andre
Hua,Li
Deanna,Bickford
Carmen,Dell
Lindsey,Goertz
Carol,Bullin
Faith,Bae
Megan,Weiss
Betty,Skarpinsky
Diane,Scrivener
Christine,Demyen
Michelle,Patterson
Lindsey,Vold
Jennafer,Klemmer
Willis,Sin
Meena,Thakurdeen
Marnie,Regehr
Geoffrey,Maina
Shirley,Woods
Kathy,Rodger
Arnold,Esguerra
Sheila,Cooper
Traci,Hobson
Tracy,Gabriel
June,Anonson
Brenda,Mishak
Wanda,Martin
Lori,Boen
Erika,Broome
Janice,Cochrane
Susan,Fowler-Kerry
Rusla,Springer
Donald,Leidl
Barbara,Abele
Helen,Vandenberg
Erin,Boyce
Mary,Labrecque
Lorraine,Holtslander
Melanie,Rozwadowski
Andrea,Banadyga
Jessica,Lieffers
Gordon,Zello
Heather,Tulloch
Lesley,Moisey
Allison,Cammer
Karen,Davis
Ester,Kang
Martina,Richmond
David,Blackburn
Hamed,Samarghandi
Jay,Kalra
Kash,Desai
Roy,Dobson
Ed,Krol
Jeff,Taylor
Derek,Jorgenson
Kate,Dadachova
Ildiko,Badea
Jim,Fang
Charity,Evans
Jaris,Swidrovich
Jason,Perepelkin
Katelyn,Halpape
Terry,Damm
Erin,Yakiwchuk
Jane,Alcorn
Barry,Lyons
Jena,Boyko
Kerry,Mansell
Robert,Laprairie
Bryan,Wiebe
Michael,Poellet
Leslie,Howe
Sarah,Hoffman
Robert,Hudson
Anthony,Jenkins
Pierre-Francois,Noppen
Mary,Day
John,Liptay
Stephen,Bagwell
Brian,Zamulinski
Daniel,Regnier
Dwayne,Moore
Emer,O'Hagan
Thomas,Langer
Robyn,Morhart
Soo,Kim
Karla,Horvey
Brenna,Bath
Rhonda,Loeppky
Charlene,Storey
Lindsey,Gerwing
Steve,Milosavljevic
Michele,Derdall
Melissa,Ratzlaff
Laverne,Sander
Amir,Qamar
Amir,Farahani
Rob,Pywell
Chary,Rangacharyulu
Chijin,Xiao
Masoud,Ghezelbash
Gap,Chang
Landon,Baillie
John,Howland
Veronica,Campanucci
Changiz,Taghibiglou
Lixin,Liu
Timothy,Steuart
Ehab,Diab
Glen,Grismer
Jonathan,Bennett
Amanda,Muller
Karen,Tanino
Brenda,Frick
Grant,Wood
Martin,Reaney
Helen,Booker
H.,Kutcher
Christian,Willenborg
Nina,Mohr
Steve,Shirtliffe
Kirstin,Bett
Kate,Congreves
Tom,Warkentin
David,York
David,McGrane
Loleen,Berdahl
Charles,Smith
Kathy,Walker
Sharmi,Jaggi
Kirsten,Fisher
Bohdan,Kordan
Darrell,Mousseau
Jan,Gelech
Carla,Krachun
Brandon,Sparks
Kurt,Kuren
Amanda,Baldwin
John-Etienne,Myburgh
Gordon,Gendur
Hildy,Bennett
Colleen,Murphy
Sheila,Keefe-Sampson
David,Lane
Jennifer,Briere
Neil,Soggie
Carie,Buchanan
Paulette,Hunter
Tracey,Carr
Lisa,Lejbak
Melanie,Morrison
Todd,Morrison
Chantal,Schafers
Gordon,Sarty
Margo,Adam
Megan,O'Connell
Steven,Prime
Lachlan,McWilliams
Gerald,Farthing
Michel,Desjardins
Valery,Chirkov
Jessica,O'Brien
Ian,Newman
Daniel,Robertson
Ron,Borowsky
Mark,Olver
Adam,Stacey
Keira,Stockdale
Peter,Grant
Karen,Lawson
Nnamdi,Ndubuka
Hassan,Vatanparast
Alexander,Crizzle
Michael,Szafron
George,Mutwiri
Amanda,Chow
Lori,Bradford
Barb,Fornssler
Janice,MacKinnon
Carl,D'Arcy
Cemaine,Tsang
Steven,Jones
Meera,Kachroo
Fachrizal,Halim
Braj,Sinha
Heidi,Epstein
Susan,Rever
Tom,Yates
Debbie,Rolfes
Rebekah,Bennetch
Sandra,Terry
Asher,Ghaffar
Corey,Owen
Jeanie,Wills
Kristin,Collevy
Shannon,Beazley
Koji,Aoki
Kevin,Cosford
Melanie,Craven
Vikram,Misra
Sally,Sukut
Leslie,Ehrlich
Rita,Hamoline
Lisa,Broda
Monica,Hwang
Karen,Wood
Paul,Blain
Kara,Somerville
Oleg,Stakhanov
Li,Zong
Mitch,Daschuk
Hongming,Cheng
Jonathan,Amoyaw
Elizabeth,Quinlan
Meridith,Burles
Harley,Dickinson
Julie,Kaye
John,Hansen
Anita,Ogurlu
Terry,Wotherspoon
Lyle,Cowell
Ryan,Hangs
Jeff,Schoenau
Ken,Rees
Angela,Bedard-Haughn
Richard,Farrell
Bingcheng,Si
Katherine,Stewart
Bobbi,Helgason
Etna,Avalos
Allison,Smith
Annaliza,McGillivray
Chris,Soteros
William,Laverty
Longhai,Li
Juxin,Liu
Zhi,Li
Paul,Jones
David,Janz
Gurpreet,Aulakh
Natacha,Hogan
Mark,Wickstrom
Markus,Hecker
John,Giesy
Lynn,Weber
Nadya,Foty-Oneschuk
Philip,Griebel
Suresh,Tikoo
Gillian,Muir
Trisha,Dowling
Ali,Honaramooz
Daniel,MacPhee
Jaswant,Singh
Tanya,Duke
Monica,Salles
John,Ching
Al,Chicoine
Barry,Blakley
Suraj,Moothathu
Chris,Clark
Bruce,Wobeser
John,Ellis
Emily,Jenkins
Beverly,Morrison
Tony,Ruzzini
Maarten,Voordouw
Andy,Allen
Melissa,Meachem
Ahmad,Al-Dissi
Helene,Philibert
Hilary,Burgess
Nicole,Fernandez
Trent,Bollinger
Susantha,Gomis
Manuela,Castro
Joshua,Morrison
Joan,Borsa
David,Schreyer
Clinton,Westman
Patrick,Bulas
Shawn,Zheng
Shoshanna,Paul
Hayley,Hesseln
Andrew,Grosvenor
Brad,Lawlor
Aloysius,Newenham-Kahindi
David,Kraichy
Luana,Fragoso
Janelle,Berscheid
Kevin,Stanley
Regan,Mandryk
Dean,Carey
Ross,Keele
Terri,Simon
Bula,Ghosh
Stephanie,Ives
Keith,Silva
Natasha,Koechl
David,Mykota
Chantelle,Fourney
Geraldine,Stolar
Denise,Heppner
Marlene,McKay
Patrick,Renihan
Mickey,Jutras
Lois,Edge
Tasha,Beeds
Vladimir,Kricsfalusy
Dave,Schneider
Abdullah,Mamun
Christopher,Eskiw
Giuliano,Gullotti
Melvyn,Stauffer
Vlademir,Murawsky
Luis,Buatois
Gordon,McKay
Keith,Carlson
Michelle,Hogan
Chris,Scribe
Marc-Andre,Pigeon
Daniel,Beland
Elizabeth,Schwartz
Yasamin,Ataabadi
Tammy,Girolami
Dave,Wilson
Rahul,Mainra
Noreen,Mahoney
Mark,Klassen
Paul,Lepage
Norman,Sheehan
Scott,Noble
Ashley,Selvig
Sarah,Hooyenga
Jaimie,Peters
Sheri,Malinowski
Sara,Belton
Linda,Sinclair
Tori,Minakakis
Karen,Juckes
Dani,Bonnell
Debbie,Schutte
Irvin,Bagongon
Mimi,Quitoriano
Roslyn,Compton
Janet,Luimes
Donna,Rennie
Gena,Wattam
Anas,El-Aneed
Carl,Still
Susara,Spuy
Sarah,Oosman
Sarah,Donkers
Stacey,Grona
Catherine,Arnold
Juan,Ianowski
Carin,Holroyd
Giselle,Patrick
Suzanne,Hartman
Chelsea,Ekstrand
Kyle,Brymer
Darcia,Evans
Xiaoling,Li
Tatiana,Sidach
Tammy,Marche
Matthew,Loewen
Joe,Rubin
Michael,Earl
Carlos,Carvalho
Dennis,Lehmkuhl
Shane,Giroux
Basharah,Batool
Farhad,Maleki
Joanne,Rosa
Cheryl,Lenz-Fabian
Roberta,Bear
Jennifer,Nicol
Roberta,Campbell-Chudoba
Gordon,Martell
Davin,Hildebrand
Barry,Popowich
Susan,Tupper
Fedir,Razumenko
Dimitry,Zakharov
Michelle,Hardy
Annahita,Farudi-Hafezi
Marie,Koop
Varvara,Shepelska
Andrew,McKee
Kevin,Green
Laura,Vogelsang
Shirley,Larson
Christopher,Schindel
Noelle,Rohatinsky
Nicole,Smith
Brendalynn,Ens
Becky,Major
Rodolfo,Pino
Catherine,Trask
Madeline,Turland
Eric,Micheels
William,Kerr
Omid,Mirzaei
Jill,Hobbs
Sarah,Lipoth
Sina,Adl
Saija,Kontulainen
Nicholas,Ovsenek
Mika,Asai-Coakwell
Denise,Beaulieu
Timothy,McAllister
Marley,Duckett
Darren,Korber
Angela,Lieverse
Dani,Dale
Tom,Steele
Ross,Welford
Lope,Tabil
Edmund,Mupondwa
Kristy,Todd
Valerie,Lipton
Fredrick,Thornton
Chris,Ambrose
Yangdou,Wei
Ken,Wilson
Karen,Wiebe
Kirsty,Gurney
Assem,Hedayat
Lifeng,Zhang
Hui,Wang
Yliana,Gavidia
Ramin,Azargohar
Inimfon,Udoetok
Michel,Gravel
Christopher,Phenix
Adam,Hammerlindl
Leon,Wegner
Timothy,Vogel
Emanuele,Sacchi
Paul,Neufeld
Bryce,Marcotte
Simon,Papalexiou
Tracene,Harvey
Vivian,Ramsden
Afshin,Amiraslany
Leslie,Martin
Ran,Zheng
Igor,Santos
Hamilton,Elkins
Han-Up,Park
Shan,Wang
Chelsea,Willness
Juliano,Tupone
Kenneth,Fox
James,Cao
Sandra,Reed
Carlyn,Seguin
Rose,Roberts
Kiemute,Oyibo
Ifeoma,Adaji
Mark,Eramian
Ralph,Deters
Colby,Johanson
Carl,Gutwin
Jason,Bowey
Julita,Vassileva
Stephen,Wormith
Egan,Chernoff
Gloria,Lee
John,Lingard
Anne-Marie,Rollo
Robert,Wilson
Brett,Kirk
Tracy,Walker
Shauna,Tilbury
Carol,Nagle
Bruce,Sinclair
Angus,Ferguson
Louise,Seidel
Joel,Bernbaum
Bob,Wicks
Kelly,Foley
Grace,Thomson
Sharon,Mitchell
Laureen,McIntyre
Margaret,Kovach
Kelley,Cardinal
Jody,Lerat
Grier,Swerhone
Nataliia,Zakharchuk
Kenisha,Blair-Walcott
Marcel,D'Eon
Howard,Woodhouse
Christopher,Clark
Kim,Archibald
Kathleen,McMullin
Chi,Chung
Eric,Salt
Adam,Bourassa
Alexander,Moewes
Alexandre,Koustov
Glenn,Hussey
Mari-Lou,Rowley
Michelle,Thurlow
Ludmilla,Voitkovska
Dawn,Friel-Hipperson
Joanne,Rochester
Kelley,Burke
Guy,Vanderhaeghe
Niran,Harrison
Douglas,Clark
Yanping,Li
Natalya,Melnychuk
Greg,Poelzer
Terry,Fonstad
Jihun,Kim
Amy,Gainer
Xiao,Qiu
Ernest,Edoh
Landry,Nemi
Idayatu,Bello
Anne-Marie,Wheeler
Scott,Blacklock
Nehad,El-Kharbawe
Lisa,Feldman
Bert,Weichel
Ryan,Galbraith
Mohammad,Kamal
Corinne,Schuster-Wallace
Xiaolei,Yu
Cherie,Westbrook
Huiqing,Guo
Kunle,Adelakun
Igor,Morozov
Sean,Mulligan
Scotty,Butcher
Christine,Babineau
Ulrich,Teucher
Glenn,Iceton
Karissa,Patton
Michelle,Desveaux
Christopher,Marsh
Lesley,Biggs
Frank,Kusch
Jim,Clifford
Maureen,Troesch
Lisa,Taylor
Lindsay,Knight
Mandy,Fehr
Elie,Fleury
Jeff,Baker
Veronica,Stewart
Candice,Dahl
Ranjan,Datta
David,MacMartin
Travis,Reynolds
Jennifer,Budney
Kalowatie,Deonandan
Alana,Cattapan
Nathan,Reis
Nancy,Madsen
Nancy,Gyurcsik
Heather,Newell
Shana,McLean
Bart,Arnold
Corey,Tomczak
Richard,Stene
Bryce,Chapman
Kim,Jones
Dave,Adolph
Daniel,Olver
Lyall,Petrie
Claire,Card
Christopher,Luby
Nathan,Erickson
John,Campbell
Julia,Montgomery
Yolande,Seddon
Stephen,Miazga
Patti,Warwick
Sarah,Buhler
Maria,Campbell
Tanis,Talbot
Charmaine,Panko
Mark,Carter
Ken,Norman
Jaime,Lavallee
Terry,Zakreski
Iffat,Ritter
Gillian,Gough
Jody,Busch
Benjamin,Omoruyi
Jamesy,Patrick
Glen,Luther
LaRae,Stephan
Sam,Rezazadeh
Lorna,Shaw-Lennox
Huygens,Ravelomanana
Artur,Sowa
Murray,Bremner
Nima,Ashjaee
Reza,Moazed
David,Sumner
Calliopi,Havele
Hughes,Goldie
Paul,Suchan
Cheryl,Besse
Maggy,Wong
Kayla,Buchanan
Kelly,Duguid
Nicole,Korchinski
Nicole,Williamson
Barbara,Hale
Leah,Petrisor
Mindy,Green
Roxanne,Ziefflie
Cara,Sharpe
Rebecca,Pott
Nicole,Zakowsky
Holly,Graham
Cindy,Peternelj-Taylor
Stacey,Karalash
Graham,Stobbs
Carmela,Estorco
Janelle,Stewart
Jolene,Wiebe
Liz,Ferozedin
Hugh,Garven
Charlene,Bunce
Sam,Nault
Nicole,Cugnet
Megan,Vogelsang
Jennifer,Modderman
Kathy,Jellow
Stephanie,Beauchesne
Lee,Murray
Laurie,Schwarz
Holly,Young
Pam,Cherkewich
Kristen,Vandenameele
Jillian,Wlock
Susan,Whiting
Tracy,Everitt
Phyllis,Paterson
Venkat,Gopalakrishnan
Yvonne,Shevchuk
Ellen,Wasan
Donna,Michasiw
Holly,Mansell
Mary,Fraser
Meena,Sakharkar
Jian,Yang
Dorota,Rogowski
Jane,Cassidy
Peter,Alward
Maricarmen,Jenkins
Anurag,Saxena
Audrey,Zucker-Levin
Yansun,Yao
Lenaic,Couedel
William,Elcock
John,Tse
Mark,Boland
Joseph,Ndisang
Greg,Sawicki
Avi,Akkerman
Henry,Lau
Ellen,Misfeldt
Rosalind,Bueckert
Ti,Zhang
Hai,Yuan
Bill,Biligetu
Sean,Prager
Privilege,Haang'andu
Kiran,Banerjee
Brennan,Field
Linda,Banga
Colin,Schwartz
Linzi,Williamson
Robin,Finlayson
Fred,Dean
Ian,McPhail
Kathrina,Mazurik
Janeen,Loehr
Jamie,Campbell
Valerie,Thompson
Michelle,Gagnon
Cindy,Feng
Lalita,Bharadwaj
Holly,McKenzie
Darren,Dahl
Clayton,Beish
Mary,Beavis
Stephen,Cavan
Heather,Torvi
John,Moffatt
Tony,Carr
Lesley,Zwicker
Barbara,Ambros
Tammy,Owens
Kathy,Linn
Gregory,Starrak
Kinga,Gortel
Lynne,Sandmeyer
Liz,Snead
Monique,Mayer
Lorna,Doerkson
Cara,Spence
Laura,Wright
Yiyan,Li
Tony,Zhang
Joseph,Asomah
Nina,Gao
Colleen,Dell
Fran,Walley
Steven,Mamet
Julio,Torres-Recinos
Shahedul,Khan
Liliana,Dominguez
Craig,Stensrud
Egina,Malaj
Melanie,Gallant
Karen,Machin
Maud,Ferrari
Murray,Woodbury
Murray,Jelinski
Kim,Tryon
Volker,Gerdts
Janet,Hill
Ryan,Dickinson
Elemir,Simko
Kimberly,Merriam
Maaya,Hitomi
William,Lee
Mindy,Miller
Ray,Alisauskas
Alexandra,Bartole-Scott
Paul,Hildebrandt
Adam,Slobodzian
Susan,Milburn
Gary,Groot
Michael,Long
David,Kreiser
Cyril,Coupal
Alison,Montgomery
Susan,Bens
Tasha,Hubbard
Jeffrey,McDonnell
Tansley,David
Jim,Basinger
Heather,Ross
George,Katselis
Carling,Beninger
Giustino,Garcea
Tarun,Katapally
Brett,Fairbairn
Wayne,Robinson
Alynn,Bomok
Jillian,Hallworth
Marvin,Painter
Ilona,Bastiaansen
Kristie,Dewald
Patrick,Navez
Alex,Zhai
Tracie,Risling
Shelley,Peacock
Janice,Walker
Gagandeep,Gill
Joan,Middleton
Deanna,Tucker
Michelle,Verwey
Arlene,Kent-Wilkinson
Jill,Bally
Phillip,Goernert
Emma,Varley
Jason,Breen
Arlis,McQuarrie
Angela,Busch
Linda,Gorim
Layla,Gould
Leta,Kingfisher
Burton,Urquhart
Zita,Seshie
Phillip,Lee
Lupita,Gama
Tim,Jardine
Troy,Harkness
Bogdan,Popescu
Katarzyna,Burakowska
Peiqiang,Yu
Penelope,Sanz
Samantha,Moore
Yuriy,Kirushok
Karin,Steuber
Nicholas,Peat
Rachel,Broussard
Marcus,Miller
Erique,Lukong
Hong,Wang
Yan,Yan
Amr,Zawily
Jeff,Hudson
Cedric,Gillott
Patrick,Krone
Steve,Reid
Stephen,Foley
Dale,Ward
Nader,Ebrahimi-Birang
Raymond,Khan
Kent,Kostuk
Marcia,Whittaker
Hamet,Sarr
Jinhong,Shi
Sheila,Pocha
Jeff,Park
Norman,Fleury
Renata,Soares
Diego,Ardenghi
Ken,Sutherland
Cristina,Echevarria
Hongbin,Zhang
Jim,Jutras
Shannon,Fitzsimmons
Denard,Lynch
Jeff,Langille
Bill,Robertson
Roger,Mortimer
Arul,Kumaran
Darlene,Kelly
Stephen,Hardy
James,Yeku
Allan,Casey
Allan,Safarik
Lisa,Vargo
Erin,Holm
Jordan,Bonkowski
Ali,Damuchali
Sandy,Sherwin-Shields
Michael,Nickerson
Maxwell,Apasu
Joy,Agnew
Darren,Neely
Gabriela,Mangano
Courtnay,Konshuh
Jim,Handy
Maurice,Labelle
Valerie,Korinek
Robert,Innes
Swapna,Padmanabha
Jillian,Baker
Robert,Lindsay
Sarah,Nickel
Peter,Phillips
Michael,Atkinson
Lisa,Clark
Sanj,Singh
Vanessa,MacCormick
Adrienne,Stinson
Rhonda,Shishkin
Larry,Brawley
Brian,Guebert
Barry,Rawlyk
Nathan,Bennett
Jason,Reindl
Haidah,Amirzadeh
Rob,Flannigan
Ian,Wagner
Lea,Lapointe
Kearney,Healy
Walerian,Szyszkowski
Duncan,Cree
Edward,Tsoi
Rebecca,Epp
Thomas,Smith-Windsor
Jessie,Baptiste
Gyula,Csapo
Pamela,Hardy
Crystal,Park
Colin,Hein
Shelby,Brodziak
Virginia,Deobald
Charity,McLeod
Becky,Brockman
Amanda,Lazar
Caroline,Brost
Britney,Forster
Joanna,Ingleby
Pam,Chhokar
Jenny,Roy
Yvette,Thomas
Beckie,Olney
Joleen,Klassen
Angela,Stewart
Leah,Puetz
Marie,Leurer
Sandra,Bassendowski
Jose,Tellez-Zenteno
Barry,Ward
Cherie,Rutherford
George,Williamson
Carrie,Stavness
Kendra,Usunier
John,Marshall
Adam,Zulkoskey
Bunyamin,Tar'an
Eric,Johnson
Aaron,Beattie
Bob,Bors
Pierre,Hucl
Sabine,Banniza
Bill,Rafoss
Roy,Romanow
Michael,MacGregor
Austen,Smith
Micheal,Heimlick
Molly,Trecker
Rein,Lepnurm
Darry,Dinnell
Anne,Baycroft
Candace,Lowe
Adrien,Aertsens
Mohammed,Abdulai
Jennifer,Poudrier
Virgil,Rovensky
George,Forsyth
Niels,Koehncke
Sabine,Liebenehm
Haley,Pilgrim
Breanne,Bandur
Adrian,Golban
Jasmin,Fookes
Tamara,Pearl
Yuliang,Wu
Ugochukwu,Ojiagu
Andrea,Wishart
Mike,Pollock
Eric,Price
Amy,Stevens
Dana,Weeks
Roy,Lee
Kevin,Schneider
Zadia,Codabux
Madison,Klarkowski
Natalia,Stakhanova
Ian,Stavness
Evan,Cole
Hilary,Elmgren
Garry,Sibley
Peggy,Adamack
Tracy,Johnson
Leslie,Irwin
Timothy,Drake
Gordon,Portman
Marlene,Dunn
Coralee,Pringle-Nelson
Melina,Kristensen
Pam,Bartley
Adam,Epp
Tristan,Taylor
Kathie,Smith
Jenna,Hunnef
Karl-Erich,Lindenschmidt
Colin,Sproat
David,Kim-Cragg
Edward,Mills
Steve,Fraser
Alison,Green
Gertrude,Rompre
Kirat,Shukla
Nicolas,Hallgrimson
Phil,Chilibeck
Stacy,Sigfusson
Jerson,Barandica-Hamilton
Steve,Kook
Chris,Lavier
Leah,Howie
Veronika,Makarova
Tiffany,Keyworth
Emily,McWalter
Khawaja,Ahmad
Taseen,Desin
Terra,Carriere
Melissa,Sawicki
Kristen,Haase
Geoffrey,Svenkeson
Brian,Bandy
Azita,Haddadi
Kishor,Wasan
Derek,Harnett
Kaitlyn,Klutz
Timothy,Sharbel
Zelalem,Taye
Yuguang,Bai
Stephanie,Ortynsky
Chad,Hammond
Karen,Todd
David,Jackson
Lisa,Jewell
Dennilyn,Parker
Bryce,Stoliker
Markus,Brinkmann
Blair,Pisio
H.,Pospisil
