subject, course_num
XCHG,002
XCHG,003
AGRC,111
ANBI,475
ANTH,111
ARCH,300
ART,111
ART,112
ART,136
ART,141
ART,216
ART,251
ART,495
EART,303
ARTH,308
ASKI,101
ASTR,102
BIOL,121
BIOL,350
CTST,200
CHEM,250
CLAS,103
CLAS,225
COMM,205
COMM,207
COMM,210
COMM,307
COMM,323
COMM,363
CHEP,898
CMPT,140
CMPT,215
CMPT,260
CMPT,280
CMPT,898
CORR,820
CORR,830
CORR,840
CORR,860
CREE,101
ECUR,433
ECUR,434
ECUR,898
DRAM,110
DRAM,210
ECON,214
ECON,343
EPSE,390
EPSE,417
EPSE,888
ERES,810
EADM,411
EADM,820
EADM,821
EADM,826
EADM,830
EADM,894
EADM,895
EADM,990
EFDT,817
EFDT,842
EFDT,844
EFDT,898
EFDT,990
ETAD,803
ETAD,898
ETAD,991
ENG,111
ENG,113
ENG,114
ENG,225
ENG,246
ENG,277
ENG,359
ENVS,898
GEOL,898
XGPC,000
INDG,107
INDG,498
INTS,100
JSGS,898
KIN,146
KIN,445
LING,110
LING,111
XMBA,000
XMED,003
MBA,828
MBA,830
MBA,889
MPAC,823
MPAC,825
MPAC,833
MPAC,835
MPAC,837
MPAC,892
MPAC,992
MATH,102
MATH,104
MATH,110
MATH,116
MATH,164
MATH,224
MATH,258
MATH,363
ME,898
MEDC,111
MEDC,211
MEDC,306
MEDC,311
MUS,101
MUS,111
NURS,203
NURS,205
NURS,220
NURS,221
NURS,331
NURS,478
NUTR,366
PHAR,185
PHAR,250
PHAR,285
PHAR,480
PHIL,236
PTH,855
PTH,856
PHYS,891
PHYS,897
PHPY,304
PLSC,235
POLS,111
POLS,205
POLS,323
POLS,383
POLS,384
POLS,898
PSY,120
PSY,121
PSY,214
PSY,223
PSY,226
PSY,235
PSY,243
PSY,260
VSAC,835
VSAC,980
SOC,112
SOC,233
SOC,309
SOC,329
STAT,245
VINT,580
XVRS,005
WGST,112
WGST,210
XCHG,000
ACC,400
AREC,251
AREC,254
AREC,298
AREC,315
AREC,320
AREC,346
AREC,361
AREC,420
AREC,428
AREC,430
AREC,432
AREC,440
AREC,492
AREC,494
AREC,820
AREC,851
AREC,990
AREC,994
AREC,996
AGRC,112
ACB,221
ACB,310
ACB,331
ACB,400
ACB,401
ACB,406
ACB,801
ACB,824
ACB,898
ACB,990
ACB,994
ACB,996
ANBI,110
ANBI,320
ANBI,470
ANBI,492
ANBI,494
ANSC,212
ANSC,301
ANSC,315
ANSC,398
ANSC,410
ANSC,440
ANSC,460
ANSC,492
ANSC,494
ANSC,802
ANSC,810
ANSC,811
ANSC,870
ANSC,898
ANSC,990
ANSC,994
ANSC,996
ANTH,211
ANTH,230
ANTH,235
ANTH,302
ANTH,310
ANTH,330
ANTH,422
ANTH,801
ANTH,802
ANTH,990
ANTH,994
APEC,990
APEC,996
APMC,990
APMC,992
APMC,994
APMC,996
ARBC,114
ARCH,112
ARCH,244
ARCH,251
ARCH,257
ARCH,258
ARCH,270
ARCH,301
ARCH,350
ARCH,458
ARCH,470
ARCH,805
ARCH,853
ARCH,855
ARCH,990
ARCH,994
ART,110
ART,151
ART,152
ART,161
ART,211
ART,212
ART,214
ART,231
ART,235
ART,241
ART,311
ART,312
ART,313
ART,316
ART,341
ART,350
ART,411
ART,412
ART,413
ART,416
ART,422
ART,426
ART,441
ART,450
ART,452
ART,838
ART,841
ART,851
ART,861
ART,881
ART,990
ART,995
EART,331
ARTH,120
ARTH,121
ARTH,253
ARTH,306
ARTH,355
ASKI,203
ASTR,104
ASTR,214
BIOC,300
BIOC,310
BIOC,435
BIOC,489
BIOC,490
BIOC,898
BIOC,990
BIOC,994
BIOC,996
BINF,200
BINF,400
BLE,811
BLE,990
BLE,994
BLE,996
BIOL,120
BIOL,224
BIOL,226
BIOL,228
BIOL,301
BIOL,317
BIOL,331
BIOL,342
BIOL,365
BIOL,380
BIOL,436
BIOL,470
BIOL,475
BIOL,479
BIOL,480
BIOL,481
BIOL,865
BIOL,875
BIOL,898
BIOL,90
BIOL,990
BIOL,994
BIOL,996
BIOE,898
BIOE,990
BIOE,992
BIOE,994
BIOE,996
BMSC,200
BMSC,210
BMSC,220
BMSC,230
BMSC,240
BIOS,990
BIOS,994
BIOS,996
CHE,220
CHE,323
CHE,325
CHE,411
CHE,414
CHE,421
CHE,423
CHE,431
CHE,453
CHE,454
CHE,469
CHE,470
CHE,495
CHE,875
CHE,881
CHE,882
CHE,898
CHE,990
CHE,992
CHE,994
CHE,996
CHEM,100
CHEM,112
CHEM,114
CHEM,115
CHEM,221
CHEM,231
CHEM,242
CHEM,322
CHEM,332
CHEM,344
CHEM,353
CHEM,380
CHEM,402
CHEM,482
CHEM,483
CHEM,801
CHEM,834
CHEM,90
CHEM,990
CHEM,991
CHEM,994
CHEM,996
CHIN,114
CHIN,233
CE,202
CE,212
CE,315
CE,317
CE,318
CE,320
CE,328
CE,415
CE,417
CE,418
CE,464
CE,466
CE,470
CE,495
CE,834
CE,853
CE,856
CE,871
CE,888
CE,889
CE,990
CE,992
CE,994
CE,996
CMRS,110
CMRS,333
CMRS,401
CMRS,433
CMRS,994
CLAS,101
CLAS,104
CLAS,107
CLR,800
COMM,100
COMM,101
COMM,102
COMM,104
COMM,105
COMM,115
COMM,119
COMM,120
COMM,201
COMM,203
COMM,204
COMM,211
COMM,304
COMM,306
COMM,321
COMM,329
COMM,340
COMM,342
COMM,345
COMM,347
COMM,348
COMM,349
COMM,352
COMM,354
COMM,357
COMM,358
COMM,367
COMM,368
COMM,371
COMM,381
COMM,382
COMM,387
COMM,393
COMM,401
COMM,404
COMM,405
COMM,406
COMM,410
COMM,412
COMM,414
COMM,421
COMM,429
COMM,433
COMM,438
COMM,447
COMM,452
COMM,454
COMM,458
COMM,461
COMM,466
COMM,467
COMM,471
COMM,483
COMM,486
COMM,488
COMM,489
COMM,491
COMM,498
CHEP,403
CHEP,410
CHEP,800
CHEP,802
CHEP,810
CHEP,813
CHEP,814
CHEP,816
CHEP,990
CHEP,994
CHEP,996
CME,331
CME,341
CME,342
CME,433
CME,435
CME,495
CMPT,100
CMPT,116
CMPT,141
CMPT,214
CMPT,270
CMPT,281
CMPT,306
CMPT,317
CMPT,332
CMPT,360
CMPT,371
CMPT,384
CMPT,400
CMPT,401
CMPT,402
CMPT,403
CMPT,404
CMPT,405
CMPT,440
CMPT,463
CMPT,470
CMPT,480
CMPT,481
CMPT,810
CMPT,811
CMPT,815
CMPT,816
CMPT,821
CMPT,830
CMPT,840
CMPT,846
CMPT,990
CMPT,994
CMPT,996
CORR,810
CORR,850
CORR,870
ECUR,163
ECUR,164
ECUR,165
ECUR,265
ECUR,291
ECUR,292
ECUR,307
ECUR,309
ECUR,310
ECUR,311
ECUR,312
ECUR,314
ECUR,316
ECUR,320
ECUR,322
ECUR,325
ECUR,331
ECUR,339
ECUR,340
ECUR,349
ECUR,357
ECUR,379
ECUR,382
ECUR,386
ECUR,391
ECUR,393
ECUR,400
ECUR,415
ECUR,425
ECUR,426
ECUR,445
ECUR,446
ECUR,447
ECUR,448
ECUR,490
ECUR,811
ECUR,832
ECUR,840
ECUR,844
ECUR,990
ECUR,991
ECUR,992
ECUR,994
DENA,11
DENA,12
DENA,17
DENA,20
DENA,37
DENT,208
DENT,214
DENT,220
DENT,221
DENT,225
DENT,291
DENT,301
DENT,306
DENT,317
DENT,319
DENT,320
DENT,321
DENT,330
DENT,340
DENT,348
DENT,353
DENT,360
DENT,388
DENT,392
DENT,401
DENT,409
DENT,411
DENT,417
DENT,419
DENT,420
DENT,424
DENT,430
DENT,440
DENT,448
DENT,455
DENT,460
DENT,463
DENT,466
DENT,475
DENT,480
DENT,486
DENT,501
DENT,517
DENT,519
DENT,520
DENT,524
DENT,530
DENT,540
DENT,542
DENT,548
DENT,560
DENT,563
DENT,575
DENT,580
DENT,585
DRAM,104
DRAM,108
DRAM,113
DRAM,118
DRAM,203
DRAM,213
DRAM,218
DRAM,220
DRAM,303
DRAM,318
DRAM,320
DRAM,362
DRAM,366
DRAM,402
DRAM,419
DRAM,420
DRAM,462
DRAM,466
DRAM,474
DRAM,477
ECON,111
ECON,114
ECON,211
ECON,227
ECON,234
ECON,270
ECON,275
ECON,277
ECON,304
ECON,305
ECON,311
ECON,350
ECON,354
ECON,373
ECON,408
ECON,450
ECON,473
ECON,489
ECON,800
ECON,801
ECON,805
ECON,808
ECON,850
ECON,987
ECON,990
ECON,992
ECON,994
EPSE,202
EPSE,348
EPSE,448
EPSE,510
EPSE,529
EPSE,530
EPSE,551
EPSE,843
EPSE,844
EPSE,990
EPSE,994
EDLC,101
EDLC,201
ERES,800
ERES,990
ERES,996
EDST,321
EDST,322
EADM,203
EADM,303
EADM,437
EADM,491
EADM,811
EADM,829
EADM,834
EADM,836
EADM,837
EADM,881
EADM,884
EADM,892
EADM,898
EADM,991
EADM,994
EADM,996
EFDT,101
EFDT,265
EFDT,301
EFDT,313
EFDT,315
EFDT,818
EFDT,824
EFDT,994
ETAD,402
ETAD,802
ETAD,804
ETAD,873
ETAD,992
ETAD,994
EE,204
EE,205
EE,221
EE,265
EE,301
EE,321
EE,341
EE,343
EE,362
EE,441
EE,444
EE,456
EE,461
EE,471
EE,473
EE,495
EE,800
EE,802
EE,814
EE,815
EE,817
EE,820
EE,831
EE,840
EE,845
EE,850
EE,860
EE,898
EE,990
EE,992
EE,994
EE,996
EPIP,401
EPIP,402
EPIP,403
EPIP,404
EP,202
EP,253
EP,353
EP,370
EP,413
EP,417
EP,421
EP,495
EP,994
EP,996
ENG,110
ENG,112
ENG,120
ENG,203
ENG,206
ENG,209
ENG,215
ENG,217
ENG,220
ENG,224
ENG,226
ENG,230
ENG,232
ENG,242
ENG,290
ENG,301
ENG,305
ENG,307
ENG,312
ENG,326
ENG,327
ENG,330
ENG,338
ENG,358
ENG,380
ENG,404
ENG,420
ENG,484
ENG,497
ENG,803
ENG,819
ENG,843
ENG,990
ENG,992
ENG,994
ENG,996
EAP,50
ENVS,201
ENVS,803
ENVS,807
ENVS,809
ENVS,990
ENVS,992
ENVS,994
ENVS,996
ENVE,201
ENVE,414
ENVE,482
ENVE,495
ENVE,990
ENVE,992
ENVE,994
ENVE,996
EVSC,110
EVSC,203
EVSC,220
EVSC,380
EVSC,421
EVSC,492
EVSC,494
EXPR,422
EXPR,423
EXPR,424
EXPR,425
FIN,400
FIN,802
FIN,805
FIN,861
FIN,866
FIN,867
FIN,871
FIN,990
FIN,994
FDSC,874
FDSC,880
FDSC,898
FDSC,990
FDSC,992
FDSC,994
FDSC,996
FABS,211
FABS,212
FABS,315
FABS,334
FABS,345
FABS,474
FABS,492
FABS,494
FREN,103
FREN,106
FREN,122
FREN,212
FREN,230
FREN,305
FREN,312
FREN,318
FREN,360
FREN,898
FREN,992
FREN,994
FREN,996
GE,101
GE,111
GE,124
GE,210
GE,213
GE,348
GE,431
GE,449
GE,451
GE,490
GE,495
GE,496
GE,898
GEOG,120
GEOG,125
GEOG,130
GEOG,150
GEOG,202
GEOG,204
GEOG,208
GEOG,222
GEOG,225
GEOG,233
GEOG,240
GEOG,272
GEOG,280
GEOG,290
GEOG,302
GEOG,323
GEOG,335
GEOG,372
GEOG,373
GEOG,381
GEOG,386
GEOG,390
GEOG,420
GEOG,427
GEOG,472
GEOG,490
GEOG,491
GEOG,803
GEOG,826
GEOG,845
GEOG,849
GEOG,886
GEOG,990
GEOG,994
GEOG,996
GEOE,218
GEOE,377
GEOE,378
GEOE,412
GEOE,414
GEOE,430
GEOE,495
GEOL,108
GEOL,109
GEOL,121
GEOL,122
GEOL,206
GEOL,224
GEOL,245
GEOL,258
GEOL,308
GEOL,325
GEOL,334
GEOL,350
GEOL,408
GEOL,413
GEOL,442
GEOL,451
GEOL,463
GEOL,481
GEOL,485
GEOL,487
GEOL,490
GEOL,492
GEOL,813
GEOL,851
GEOL,884
GEOL,990
GEOL,994
GEOL,996
GERM,114
GPS,960
GPS,961
GPS,962
GPS,974
GPS,981
GPS,982
GPS,984
HLTH,100
HSC,990
HSC,994
HSC,996
HLST,110
HLST,310
HLST,410
HEB,114
HIST,145
HIST,155
HIST,175
HIST,185
HIST,193
HIST,194
HIST,208
HIST,214
HIST,217
HIST,221
HIST,234
HIST,240
HIST,255
HIST,257
HIST,267
HIST,273
HIST,274
HIST,286
HIST,295
HIST,331
HIST,335
HIST,341
HIST,370
HIST,397
HIST,404
HIST,410
HIST,440
HIST,467
HIST,870
HIST,871
HIST,881
HIST,883
HIST,899
HIST,990
HIST,994
HIST,996
HORT,13
HORT,14
HORT,15
HORT,17
HORT,19
HORT,20
HORT,25
HORT,27
HORT,28
HORT,30
HORT,31
HORT,34
HORT,36
HORT,37
HORT,41
HORT,42
HRM,400
XCHI,000
EIND,380
INDG,212
INDG,230
INDG,252
INDG,261
INDG,262
INDG,270
INDG,280
INDG,361
INDG,362
INDG,803
INDG,806
INDG,898
INDG,990
INDG,994
INDG,996
INTD,990
INTD,994
INTD,996
INTS,102
INTS,103
INTS,112
INTS,203
IS,110
IS,201
IS,202
IS,211
IS,401
JSGS,801
JSGS,803
JSGS,805
JSGS,806
JSGS,807
JSGS,817
JSGS,838
JSGS,850
JSGS,851
JSGS,859
JSGS,865
JSGS,882
JSGS,883
JSGS,884
JSGS,990
JSGS,994
JSGS,996
JPNS,114
JPNS,214
JPNS,233
KIN,121
KIN,122
KIN,150
KIN,222
KIN,223
KIN,225
KIN,226
KIN,231
KIN,232
KIN,233
KIN,240
KIN,281
KIN,306
KIN,320
KIN,321
KIN,330
KIN,380
KIN,381
KIN,423
KIN,424
KIN,428
KIN,442
KIN,471
KIN,481
KIN,490
KIN,494
KIN,498
KIN,803
KIN,806
KIN,807
KIN,861
KIN,898
KIN,990
KIN,994
KIN,996
KINA,220
KINA,226
KINA,229
KINA,235
VLAC,211
VLAC,310
VLAC,320
VLAC,462
VLAC,473
VLAC,474
VLAC,482
VLAC,808
VLAC,809
VLAC,810
VLAC,855
VLAC,883
VLAC,892
VLAC,893
VLAC,898
VLAC,899
VLAC,990
VLAC,992
VLAC,994
VLAC,996
LATN,112
LATN,202
LATN,400
LAW,203
LAW,210
LAW,302
LAW,303
LAW,307
LAW,308
LAW,311
LAW,313
LAW,314
LAW,340
LAW,342
LAW,351
LAW,361
LAW,363
LAW,372
LAW,384
LAW,404
LAW,410
LAW,413
LAW,416
LAW,417
LAW,418
LAW,421
LAW,423
LAW,424
LAW,425
LAW,428
LAW,430
LAW,435
LAW,439
LAW,444
LAW,452
LAW,453
LAW,455
LAW,457
LAW,466
LAW,472
LAW,474
LAW,477
LAW,828
LAW,895
LAW,898
LAW,990
LAW,994
LAW,996
LING,241
LING,242
LING,243
LING,244
LING,247
LING,347
LING,806
LING,990
LING,994
LING,996
LIT,111
MGT,400
MKT,400
MKT,801
MKT,802
MKT,990
MKT,994
MBA,803
MBA,813
MBA,819
MBA,829
MATH,100
MATH,121
MATH,123
MATH,125
MATH,163
MATH,176
MATH,223
MATH,225
MATH,238
MATH,266
MATH,276
MATH,314
MATH,331
MATH,336
MATH,352
MATH,364
MATH,371
MATH,402
MATH,460
MATH,872
MATH,990
MATH,992
MATH,994
MATH,996
ME,214
ME,227
ME,313
ME,321
ME,324
ME,327
ME,330
ME,417
ME,418
ME,431
ME,462
ME,491
ME,493
ME,495
ME,498
ME,820
ME,828
ME,830
ME,842
ME,862
ME,866
ME,872
ME,875
ME,877
ME,886
ME,990
ME,992
ME,994
ME,996
MEDC,112
MEDC,113
MEDC,114
MEDC,115
MEDC,212
MEDC,213
MEDC,214
MEDC,216
MEDC,307
MEDC,308
MEDC,309
MED,400
MED,401
MED,403
MED,404
MED,405
MED,406
MEDC,407
MED,407
MED,408
MED,409
MEDC,505
MCIM,223
MCIM,308
MCIM,326
MCIM,391
MCIM,417
MCIM,487
MCIM,490
MCIM,491
MCIM,816
MCIM,817
MCIM,860
MCIM,861
MCIM,990
MCIM,994
MCIM,996
MUS,120
MUS,129
MUS,133
MUS,150
MUS,180
MUS,184
MUS,220
MUS,229
MUS,233
MUS,250
MUS,312
MUS,329
MUS,354
MUS,428
MUS,429
MUS,485
MUS,811
MUS,813
MUS,814
MUS,822
MUS,840
MUS,992
MUS,994
MUAP,143
MUAP,201
MUAP,202
MUAP,203
MUAP,204
MUAP,205
MUAP,206
MUAP,207
MUAP,208
MUAP,243
MUAP,245
MUAP,343
MUAP,443
EMUS,333
EMUS,441
EMUS,442
NORD,806
NORD,830
NORD,990
NORD,992
NURS,200
NURS,201
NURS,202
NURS,204
NURS,207
NURS,304
NURS,305
NURS,307
NURS,308
NURS,311
NURS,321
NURS,332
NURS,333
NURS,422
NURS,430
NURS,431
NURS,440
NURS,441
NURS,450
NURS,812
NURS,818
NURS,822
NURS,881
NURS,883
NURS,884
NURS,888
NURS,891
NURS,893
NURS,895
NURS,990
NURS,994
NURS,996
NURS,997
NUTR,120
NUTR,230
NUTR,310
NUTR,321
NUTR,322
NUTR,330
NUTR,425
NUTR,430
NUTR,441
NUTR,450
NUTR,480
NUTR,531
NUTR,990
NUTR,994
NUTR,996
OM,400
OM,996
PATH,205
PCOL,350
PCOL,850
PCOL,990
PCOL,994
PCOL,996
PHAR,110
PHAR,121
PHAR,122
PHAR,153
PHAR,162
PHAR,170
PHAR,188
PHAR,189
PHAR,190
PHAR,191
PHAR,224
PHAR,226
PHAR,253
PHAR,262
PHAR,271
PHAR,272
PHAR,288
PHAR,290
PHAR,291
PHAR,314
PHAR,324
PHAR,358
PHAR,367
PHAR,374
PHAR,388
PHAR,390
PHAR,391
PHAR,398
PHAR,462
PHAR,500
PHAR,518
PHAR,519
PHAR,557
PHAR,565
PHAR,575
PHAR,592
PHAR,848
PHAR,898
PHAR,990
PHAR,994
PHAR,996
PHIL,110
PHIL,120
PHIL,133
PHIL,140
PHIL,202
PHIL,206
PHIL,208
PHIL,219
PHIL,222
PHIL,231
PHIL,234
PHIL,237
PHIL,241
PHIL,251
PHIL,262
PHIL,312
PHIL,320
PHIL,404
PHIL,433
PHIL,820
PHIL,833
PHIL,845
PHIL,990
PHIL,994
PTH,808
PTH,815
PTH,822
PTH,829
PTH,832
PTH,833
PTH,834
PTH,839
PTH,840
PTH,841
PTH,847
PTH,850
PTH,851
PTH,854
PTH,858
PTH,860
PTH,861
PTH,865
PHYS,115
PHYS,252
PHYS,255
PHYS,356
PHYS,383
PHYS,391
PHYS,453
PHYS,456
PHYS,461
PHYS,481
PHYS,490
PHYS,493
PHYS,811
PHYS,816
PHYS,861
PHYS,883
PHYS,894
PHYS,895
PHYS,90
PHYS,990
PHYS,994
PHYS,996
PHSI,208
PHSI,860
PHSI,990
PHSI,994
PHSI,996
PHPY,301
PHPY,302
PHPY,308
PHPY,402
PHPY,404
PHPY,432
PHPY,490
PLAN,329
PLAN,343
PLAN,360
PLAN,390
PLAN,413
PLAN,442
PLAN,445
PLAN,495
PLSC,213
PLSC,214
PLSC,220
PLSC,234
PLSC,240
PLSC,333
PLSC,335
PLSC,345
PLSC,350
PLSC,401
PLSC,405
PLSC,420
PLSC,422
PLSC,451
PLSC,492
PLSC,494
PLSC,835
PLSC,836
PLSC,865
PLSC,990
PLSC,994
PLSC,996
POLS,112
POLS,204
POLS,222
POLS,225
POLS,236
POLS,251
POLS,256
POLS,261
POLS,302
POLS,333
POLS,370
POLS,405
POLS,461
POLS,465
POLS,807
POLS,809
POLS,815
POLS,867
POLS,990
POLS,992
POLS,994
PGCL,601
PSIA,851
PSIA,898
PSIA,990
PSIA,994
PSY,207
PSY,213
PSY,216
PSY,222
PSY,227
PSY,230
PSY,231
PSY,233
PSY,236
PSY,242
PSY,246
PSY,252
PSY,255
PSY,257
PSY,315
PSY,317
PSY,323
PSY,325
PSY,347
PSY,355
PSY,423
PSY,426
PSY,448
PSY,472
PSY,473
PSY,803
PSY,805
PSY,809
PSY,813
PSY,845
PSY,850
PSY,858
PSY,862
PSY,865
PSY,898
PSY,900
PSY,901
PSY,902
PSY,904
PSY,994
PSY,996
PUBH,800
PUBH,803
PUBH,804
PUBH,805
PUBH,806
PUBH,807
PUBH,809
PUBH,810
PUBH,847
PUBH,867
PUBH,898
PUBH,990
PUBH,992
PUBH,993
PUBH,994
PUBH,996
RLST,111
RLST,112
RLST,113
RLST,214
RLST,216
RLST,217
RLST,221
RLST,229
RLST,241
RLST,361
RLST,805
RLST,990
RLST,994
RRM,201
RRM,301
RRM,323
RRM,421
RCM,300
RCM,401
RCM,402
RCM,408
RCM,495
SNSK,114
SCP,816
SCP,818
SCP,991
SCP,994
VSAC,356
VSAC,410
VSAC,463
VSAC,800
VSAC,802
VSAC,803
VSAC,810
VSAC,820
VSAC,821
VSAC,822
VSAC,825
VSAC,829
VSAC,831
VSAC,870
VSAC,872
VSAC,873
VSAC,898
VSAC,899
VSAC,990
VSAC,992
VSAC,994
SOSC,320
SOSC,321
SOSC,330
SOC,111
SOC,200
SOC,202
SOC,203
SOC,204
SOC,211
SOC,212
SOC,214
SOC,225
SOC,227
SOC,232
SOC,234
SOC,260
SOC,303
SOC,310
SOC,312
SOC,319
SOC,321
SOC,332
SOC,341
SOC,347
SOC,415
SOC,426
SOC,815
SOC,826
SOC,840
SOC,841
SOC,891
SOC,990
SOC,992
SOC,994
SOC,996
SLSC,14
SLSC,205
SLSC,232
SLSC,312
SLSC,313
SLSC,460
SLSC,480
SLSC,492
SLSC,494
SLSC,802
SLSC,813
SLSC,816
SLSC,819
SLSC,820
SLSC,833
SLSC,835
SLSC,850
SLSC,898
SLSC,990
SLSC,994
SLSC,996
SPAN,114
SPAN,214
SPAN,314
STAT,103
STAT,241
STAT,244
STAT,246
STAT,342
STAT,344
STAT,442
STAT,845
STAT,850
XSTE,000
ESOL,801
ESOL,803
TOX,200
TOX,300
TOX,310
TOX,400
TOX,402
TOX,480
TOX,481
TOX,490
TOX,844
TOX,850
TOX,990
TOX,994
TOX,996
UKR,114
UKR,214
VACC,898
VACC,990
VACC,994
VACC,996
VBMS,202
VBMS,208
VBMS,220
VBMS,223
VBMS,224
VBMS,231
VBMS,305
VBMS,314
VBMS,324
VBMS,333
VBMS,436
VBMS,828
VBMS,833
VBMS,838
VBMS,898
VBMS,990
VBMS,994
VBMS,996
VINT,411
VINT,415
VTMC,334
VTMC,336
VTMC,347
VTMC,898
VTMC,990
VTMC,994
VTMC,996
VTPA,352
VTPA,353
VTPA,810
VTPA,820
VTPA,821
VTPA,822
VTPA,823
VTPA,830
VTPA,831
VTPA,832
VTPA,850
VTPA,852
VTPA,875
VTPA,876
VTPA,878
VTPA,980
VTPA,990
VTPA,992
VTPA,994
VTPA,996
WGST,201
WGST,204
WGST,311
WGST,312
WGST,324
WGST,400
WGST,800
WGST,990
WGST,994
WGST,996
WRIT,800
WRIT,801
WRIT,990
WRIT,994
AREC,898
AGRC,311
AGRC,445
ANTH,233
ARCH,361
ART,298
ASKI,102
ASKI,105
BIOL,108
BIOL,883
CHE,811
CLAS,110
COMM,480
CHEP,411
CHEP,415
CHEP,815
CMPT,145
ECUR,352
ECUR,432
ECUR,493
ECUR,805
ECUR,812
DENR,378
DENR,379
DENT,497
DRAM,111
DRAM,236
DRAM,286
DRAM,994
EPSE,411
EPSE,414
EPSE,416
EPSE,570
ERES,845
EDST,130
EDST,137
EDST,213
EDST,230
EDST,237
EDST,330
EDST,337
EADM,816
EADM,825
EFDT,528
EFDT,996
EE,868
ENG,254
ENG,331
EXPR,401
FDSC,888
FABS,110
XFSI,000
GEOG,351
GEOG,822
GEOL,829
HSC,898
HIST,272
HIST,492
HIST,860
INDG,210
INDG,221
INDG,281
INDG,350
INTD,898
JSGS,831
JSGS,849
JSGS,863
JSGS,869
JSGS,880
KIN,413
KIN,432
KIN,451
MBA,877
MBA,882
MBA,992
MPAC,811
MPAC,816
MPAC,821
MPAC,824
MPAC,826
MPAC,831
MPAC,839
MPAC,891
NURS,322
NURS,330
NURS,813
NURS,814
NURS,880
NURS,892
NURS,898
ONEH,801
PHAR,870
PHIL,271
PHIL,412
PHIL,898
PTH,830
PTH,831
PTH,835
PTH,838
PTH,845
PTH,848
PTH,862
PTH,864
PTH,867
PTH,992
PHYS,117
PLSC,382
PLSC,898
POLS,298
POLS,322
POLS,398
PSY,234
PSY,253
PSY,298
PSY,324
PSY,348
PSY,427
PSY,903
RLST,390
SCP,812
SCP,813
TESL,36
UKR,117
UKR,314
UKR,317
VTMC,831
ART,423
ARTH,257
BIOL,222
CMPT,856
ECUR,428
ECUR,429
ECUR,498
ECUR,809
ECUR,822
ECUR,823
EPSE,527
EADM,498
EADM,819
EFDT,422
EFDT,478
EFDT,479
EFDT,816
EFDT,845
HIST,165
HIST,322
HIST,422
HED,232
XMED,000
MPAC,814
MPAC,815
PHAR,380
PHAR,580
RLST,391
SOC,219
SOC,311
XATA,000
AGMD,801
AREC,230
AREC,272
AREC,322
AREC,330
AREC,342
AREC,343
AREC,344
AREC,354
AREC,356
AREC,451
AREC,459
AREC,495
AREC,837
AREC,845
AREC,890
AGRC,113
AGRC,211
ACB,325
ACB,330
ACB,334
ACB,398
ACB,405
ACB,834
ACB,840
ANBI,360
ANBI,375
ANBI,411
ANBI,498
ANSC,313
ANSC,340
ANSC,430
ANSC,815
ANSC,816
ANSC,840
ANTH,224
ANTH,231
ANTH,240
ANTH,401
ANTH,403
ANTH,898
APMC,830
APMC,898
ARCH,116
ARCH,250
ARCH,298
ARCH,330
ARCH,353
ARCH,462
ARCH,471
ARCH,472
ARCH,861
ARCH,862
ARCH,898
ART,237
ART,242
ART,339
ART,342
ART,439
ART,442
ART,451
ART,453
ART,839
ART,842
ART,852
ART,872
ART,882
ARTH,451
ARTH,455
ARTH,498
ARTH,898
ASKI,103
ASKI,201
ASTR,113
ASTR,411
BIOC,311
BIOC,405
BIOC,412
BIOC,436
BIOC,812
BIOC,836
BINF,300
BLE,205
BLE,303
BLE,840
BLE,850
BLE,855
BLE,898
BIOL,314
BIOL,324
BIOL,345
BIOL,361
BIOL,363
BIOL,398
BIOL,410
BIOL,430
BIOL,440
BIOL,472
BIOL,830
BIOL,841
BIOL,862
BIOL,872
BIOL,889
BIOE,805
BIOE,806
BIOE,820
BIOE,850
BAC,14
BAC,15
BAC,16
BAC,25
BAC,29
BAC,38
CHE,210
CHE,223
CHE,315
CHE,322
CHE,324
CHE,326
CHE,333
CHE,369
CHE,424
CHE,460
CHEM,255
CHEM,369
CHEM,375
CHEM,377
CHEM,435
CHEM,440
CHEM,444
CHEM,450
CHEM,815
CHEM,832
CHEM,852
CHIN,117
CE,225
CE,271
CE,295
CE,319
CE,321
CE,327
CE,329
CE,330
CE,421
CE,463
CE,467
CE,468
CE,474
CE,864
CE,874
CE,898
CMRS,111
CMRS,402
CMRS,403
CLAS,203
CLAS,240
COMM,308
COMM,337
COMM,343
COMM,380
COMM,384
COMM,385
COMM,395
COMM,407
COMM,451
COMM,457
COMM,469
COMM,493
COMM,495
CHEP,402
CHEP,805
CHEP,811
CHEP,817
CME,332
CME,451
CMPT,113
CMPT,120
CMPT,340
CMPT,350
CMPT,355
CMPT,370
CMPT,381
CMPT,406
CMPT,408
CMPT,423
CMPT,432
CMPT,434
CMPT,820
CMPT,826
CMPT,832
CMPT,857
CMPT,865
CREE,110
ECUR,318
ECUR,326
ECUR,362
ECUR,371
ECUR,398
ECUR,406
ECUR,411
ECUR,431
ECUR,444
ECUR,450
ECUR,492
ECUR,879
DENT,210
DENT,226
DENT,288
DENT,309
DENT,314
DRAM,119
DRAM,219
DRAM,221
DRAM,231
DRAM,304
DRAM,309
DRAM,319
DRAM,321
DRAM,363
DRAM,367
DRAM,418
DRAM,421
DRAM,463
DRAM,467
ECON,256
ECON,280
ECON,306
ECON,348
ECON,374
ECON,387
ECON,389
ECON,409
ECON,470
ECON,809
ECON,834
ECON,870
ECON,873
ECON,874
EPSE,302
EPSE,441
EPSE,500
EPSE,520
EPSE,525
EPSE,540
EPSE,560
EPSE,868
EPSE,993
EDLC,102
EDLC,202
ERES,841
EADM,299
EADM,423
EADM,439
EADM,812
EADM,813
EADM,835
EADM,839
EADM,885
EFDT,411
EFDT,421
EFDT,435
EFDT,843
EFDT,854
EFDT,884
ETAD,404
ETAD,874
ETAD,877
EE,216
EE,232
EE,241
EE,271
EE,322
EE,342
EE,365
EE,382
EE,442
EE,465
EE,472
EE,811
EE,818
EE,823
EE,862
EE,867
EP,214
EP,228
EP,317
EP,320
EP,325
EP,354
EP,440
ENG,207
ENG,284
ENG,288
ENG,309
ENG,319
ENG,334
ENG,335
ENG,341
ENG,366
ENG,368
ENG,381
ENG,382
ENG,406
ENG,466
ENG,496
ENT,210
ENT,220
ENT,230
ENVS,401
ENVS,808
ENVS,812
ENVS,813
ENVS,814
ENVS,821
ENVS,823
ENVS,832
ENVE,212
ENVE,381
ENVE,432
ENVE,478
EVSC,204
EVSC,210
FIN,803
FIN,869
FDSC,855
FABS,323
FABS,325
FABS,362
FABS,401
FABS,498
FREN,125
FREN,218
FREN,220
FREN,258
FREN,314
FREN,419
FREN,811
FREN,819
GE,121
GE,125
GEOG,322
GEOG,325
GEOG,328
GEOG,333
GEOG,364
GEOG,380
GEOG,423
GEOE,315
GEOE,375
GEOE,380
GEOE,431
GEOE,466
GEOL,226
GEOL,229
GEOL,247
GEOL,282
GEOL,335
GEOL,343
GEOL,384
GEOL,398
GEOL,429
GEOL,447
GEOL,465
GEOL,482
GEOL,483
GEOL,865
GERM,117
XCGS,000
GPS,992
GRK,203
HSC,350
HLST,210
HIST,115
HIST,125
HIST,203
HIST,209
HIST,222
HIST,223
HIST,235
HIST,256
HIST,258
HIST,259
HIST,293
HIST,315
HIST,353
HIST,375
HIST,396
HIST,430
HIST,434
HIST,494
HIST,498
HIST,884
HIST,888
HORT,23
HORT,26
HORT,29
HORT,33
HORT,35
HORT,38
INDG,241
INDG,255
INDG,264
INDG,298
INDG,351
INDG,398
INDG,802
INTS,111
INTS,380
IS,212
JSGS,802
JSGS,808
JSGS,862
JSGS,868
JSGS,870
JSGS,872
JSGS,873
JSGS,875
JSGS,876
JPNS,117
JPNS,217
KIN,250
KIN,255
KIN,322
KIN,334
KIN,341
KIN,382
KIN,426
KIN,429
KIN,431
KIN,434
KIN,463
KIN,808
KIN,831
KIN,899
KINA,210
KINA,211
KINA,227
KINA,238
VLAC,411
VLAC,429
VLAC,437
VLAC,439
VLAC,441
VLAC,445
VLAC,447
VLAC,453
VLAC,455
VLAC,491
VLAC,492
VLAC,493
VLAC,494
VLAC,495
VLAC,840
VLAC,881
LATN,113
LATN,203
LAW,326
LAW,394
LAW,402
LAW,405
LAW,407
LAW,415
LAW,420
LAW,422
LAW,431
LAW,432
LAW,436
LAW,467
LAW,471
LAW,478
LAW,498
LAW,823
LING,112
LING,245
LING,346
LING,348
LING,349
LING,403
LING,478
LING,804
LING,811
MKT,803
MKT,857
MBA,825
MBA,846
MBA,865
MBA,870
MBA,878
MBA,879
MBA,885
MATH,124
MATH,177
MATH,211
MATH,226
MATH,277
MATH,328
MATH,339
MATH,362
MATH,379
MATH,436
MATH,438
MATH,485
MATH,498
MATH,818
MATH,838
ME,215
ME,226
ME,229
ME,251
ME,314
ME,323
ME,328
ME,329
ME,335
ME,352
ME,473
ME,475
ME,476
ME,477
ME,490
ME,492
ME,843
ME,844
ME,846
ME,847
ME,857
ME,868
ME,871
ME,873
ME,879
ME,887
ME,897
MEDC,122
MEDC,123
MEDC,124
MEDC,126
MEDC,222
MEDC,223
MEDC,224
MEDC,226
MEDC,409
MCIM,309
MCIM,321
MCIM,390
MCIM,398
MCIM,416
MCIM,423
MCIM,821
MCIM,823
MCIM,898
MUS,121
MUS,134
MUS,151
MUS,160
MUS,201
MUS,203
MUS,221
MUS,234
MUS,325
MUS,386
MUS,465
MUS,812
MUS,845
MUS,853
MUAP,145
MUAP,300
MUAP,345
MUAP,400
MUAP,445
EMUS,337
NURS,208
NURS,306
NURS,312
NURS,328
NURS,821
NURS,824
NURS,878
NURS,879
NURS,885
NURS,886
NURS,896
NUTR,221
NUTR,280
NUTR,305
NUTR,350
NUTR,365
NUTR,420
NUTR,442
NUTR,466
ONEH,800
PBIO,230
PATH,898
PATH,996
PHAR,111
PHAR,112
PHAR,123
PHAR,124
PHAR,152
PHAR,154
PHAR,171
PHAR,182
PHAR,192
PHAR,213
PHAR,225
PHAR,255
PHAR,263
PHAR,273
PHAR,292
PHAR,298
PHAR,400
PHAR,409
PHAR,456
PHAR,857
PHAR,865
PHIL,121
PHIL,216
PHIL,224
PHIL,226
PHIL,228
PHIL,233
PHIL,243
PHIL,274
PHIL,275
PHIL,281
PHIL,292
PHIL,295
PHIL,333
PHIL,446
PHIL,815
PHIL,846
PTH,805
PTH,820
PTH,823
PTH,825
PTH,852
PTH,853
PTH,863
PHYS,125
PHYS,155
PHYS,223
PHYS,230
PHYS,231
PHYS,322
PHYS,323
PHYS,371
PHYS,402
PHYS,452
PHYS,470
PHYS,472
PHYS,812
PHYS,822
PHYS,833
PHYS,851
PHYS,862
PHYS,865
PHYS,871
PHYS,873
PHYS,884
PHPY,303
PHPY,305
PHPY,403
PHPY,405
PHPY,498
PLAN,341
PLAN,350
PLAN,392
PLAN,395
PLAN,446
PLAN,490
PLSC,201
PLSC,222
PLSC,340
PLSC,375
PLSC,408
PLSC,411
PLSC,417
PLSC,418
PLSC,423
PLSC,433
PLSC,435
PLSC,444
PLSC,450
PLSC,804
PLSC,814
PLSC,827
PLSC,837
POLS,226
POLS,237
POLS,245
POLS,249
POLS,305
POLS,375
POLS,379
POLS,422
POLS,425
POLS,446
POLS,819
POLS,839
POLS,996
PGCL,600
PSY,224
PSY,256
PSY,261
PSY,316
PSY,318
PSY,326
PSY,356
PSY,425
PSY,456
PSY,498
PSY,807
PSY,814
PSY,832
PSY,841
PSY,852
PUBH,811
PUBH,815
PUBH,840
PUBH,842
PUBH,861
RLST,218
RLST,225
RLST,240
RLST,254
RLST,258
RLST,282
RLST,328
RLST,362
RLST,412
RLST,898
RRM,114
RRM,215
RRM,312
RCM,406
RCM,407
SCP,811
SCP,817
VSAC,362
VSAC,376
VSAC,437
VSAC,439
VSAC,441
VSAC,445
VSAC,449
VSAC,456
VSAC,457
VSAC,462
VSAC,465
VSAC,475
VSAC,477
VSAC,478
SOC,206
SOC,210
SOC,216
SOC,224
SOC,235
SOC,238
SOC,324
SOC,325
SOC,360
SOC,402
SOC,418
SOC,420
SOC,498
SOC,802
SOC,818
SOC,820
SLSC,240
SLSC,322
SLSC,344
SLSC,350
SLSC,805
SLSC,821
SLSC,842
SLSC,845
SLSC,852
SPAN,117
SPAN,217
SPAN,250
SPAN,317
STAT,242
STAT,346
STAT,348
STAT,846
STAT,848
SURG,898
ESOL,806
TESL,32
TESL,333
TESL,43
TESL,442
TECH,187
XSPN,000
TOX,301
TOX,302
TOX,321
TOX,403
TOX,412
TOX,461
TOX,842
TOX,843
UKR,217
XVMT,000
VACC,801
VBMS,222
VBMS,325
VBMS,334
VBMS,422
VBMS,435
VBMS,437
VBMS,821
VBMS,880
VINT,205
VINT,210
VINT,211
VINT,305
VINT,400
VINT,405
VINT,440
VINT,442
VTMC,230
VTMC,238
VTPA,346
VTPA,412
VTPA,421
VTPA,431
VTPA,434
VTPA,435
VTPA,447
VTPA,833
VTPA,851
VTPA,853
VTPA,869
VTPA,898
WGST,220
WGST,240
WGST,411
WRIT,802
WRIT,803
ARCH,996
ART,398
BAC,28
CHIN,214
CLAS,111
COMM,402
ECUR,427
ECUR,996
DRAM,285
EDST,304
EFDT,837
ENVS,828
FREN,224
GEOG,829
GEOL,405
HIST,308
INDG,220
JSGS,846
JSGS,853
JSGS,864
JSGS,878
MPAC,813
NORD,860
NURS,993
NUTR,898
PHIL,293
PLSC,445
PSY,225
SOSC,322
SOSC,323
SLSC,822
SPAN,251
TOX,898
VTMC,842
WGST,250
AREC,347
AREC,840
AREC,855
ACB,830
ANSC,355
ANSC,801
ANSC,818
ANTH,226
ANTH,227
ANTH,244
ANTH,326
ANTH,329
ANTH,804
ARCH,252
ARCH,356
ARCH,385
ART,236
ART,338
ART,438
ART,830
ART,871
ARTH,255
ARTH,256
ARTH,318
ASTR,213
ASTR,312
BIOC,430
BIOC,830
BIOC,843
BINF,210
BIOL,302
BIOL,316
BIOL,323
BIOL,325
BIOL,412
BIOL,458
BIOL,466
BIOL,811
BIOL,871
BAC,11
BAC,37
CHE,364
CHEM,334
CHEM,398
CE,806
CE,830
CE,851
CMRS,398
CLAS,105
COMM,364
COMM,419
COMM,420
COMM,456
CHEP,806
CMPT,412
CMPT,436
CMPT,479
CMPT,487
CMPT,817
CMPT,819
CMPT,842
CMPT,866
CMPT,868
ECUR,430
ECUR,435
ECUR,842
DENT,310
DENT,324
DRAM,204
DRAM,401
ECON,221
ECON,223
ECON,254
ECON,307
ECON,376
ECON,411
ECON,804
EPSE,859
EPSE,898
ERES,820
ERES,840
EADM,438
EADM,838
EFDT,848
EFDT,870
EE,810
EE,812
ENG,202
ENG,204
ENG,253
ENG,282
ENG,294
ENG,308
ENG,311
ENG,314
ENG,360
ENG,365
ENG,373
ENG,389
ENG,399
ENG,402
ENG,414
ENG,416
ENG,801
ENG,811
ENT,300
ENVS,805
ENVS,806
ENVS,826
ENVS,827
FIN,801
FIN,819
FDSC,842
FDSC,850
FABS,371
FABS,457
FABS,460
FREN,213
FREN,214
FREN,317
FREN,320
FREN,398
FREN,438
FREN,443
FREN,843
GE,498
GEOG,235
GEOG,385
GEOL,306
GEOL,324
GEOL,446
GPS,989
GRK,202
HIST,202
HIST,206
HIST,283
HIST,292
HIST,350
HIST,365
HIST,383
HIST,403
HIST,472
HIST,478
HIST,850
HIST,859
INDG,256
INDG,373
INDG,410
INDG,440
INDG,810
IS,402
JSGS,871
JSGS,874
JSGS,877
JSGS,879
KIN,421
KIN,427
KIN,818
KIN,830
KINA,200
VLAC,858
VLAC,860
LAW,304
LAW,414
LAW,463
LAW,899
LING,251
LING,252
LING,340
LING,341
LING,360
LING,803
LIT,110
MATH,301
MATH,313
MATH,361
MATH,366
MATH,401
MATH,439
MATH,839
ME,318
ME,450
ME,497
ME,854
MEDC,101
MUS,242
MUS,311
MUS,371
MUS,457
MUS,463
MUS,855
EMUS,330
EMUS,431
NORD,838
NORD,847
NORD,898
NURS,486
NURS,862
NURS,897
NURS,899
PBIO,489
PCOL,898
PHAR,408
PHAR,417
PHAR,418
PHAR,455
PHAR,465
PHAR,472
PHAR,854
PHIL,209
PHIL,265
PHIL,294
PHIL,298
PHIL,314
PHIL,319
PHIL,420
PHIL,814
PHPY,401
PLAN,342
PLAN,346
PLAN,441
PLSC,330
PLSC,441
PLSC,803
PLSC,841
PLSC,880
POLS,250
POLS,262
POLS,263
POLS,304
POLS,306
POLS,326
POLS,343
POLS,364
POLS,403
POLS,404
POLS,431
POLS,460
POLS,847
POLS,869
PSY,418
PSY,811
PSY,860
PUBH,808
PUBH,814
PUBH,843
PUBH,846
PUBH,852
RLST,210
RLST,211
RLST,219
RLST,220
RLST,234
RLST,243
RLST,280
RLST,303
RCM,400
RCM,404
RCM,410
SCP,810
SCP,814
SCP,990
VSAC,205
VSAC,458
SOC,244
SOC,246
SOC,326
SOC,328
SOC,412
SOC,430
SOC,812
SOC,830
SPAN,202
STAT,345
STAT,812
STAT,834
ESOL,802
TECH,286
VBMS,830
VTMC,830
VTMC,840
VTPA,811
WGST,305
WGST,812
WGST,898
AREC,842
ACB,821
ANBI,420
ANSC,498
ANTH,202
ANTH,298
ANTH,332
ANTH,354
ANTH,405
ANTH,498
ANTH,806
ARBC,117
ARCH,398
ARCH,475
ART,230
ART,331
ART,461
ARTH,251
ARTH,258
ASKI,202
ASTR,310
BLE,313
BIOL,318
BIOL,420
BIOL,451
BIOL,455
CHE,461
CHE,464
CHEM,354
CHEM,420
CHEM,439
CHEM,833
CE,804
CE,805
CE,826
CE,827
CE,832
CE,866
CLAS,242
COMM,346
COMM,450
CHEP,818
CHEP,819
CMPT,364
CMPT,438
CMPT,442
CMPT,485
CMPT,498
CMPT,823
CMPT,824
CMPT,829
CMPT,851
ECUR,308
ECUR,323
ECUR,341
ECUR,383
ECUR,815
ECUR,841
DENA,27
DENA,50
DENA,52
DENA,62
DENA,63
DENA,76
ECON,380
ECON,811
EADM,805
EADM,824
EFDT,486
ENG,260
ENG,310
ENG,316
ENG,362
ENG,363
ENG,383
ENG,464
ENG,817
ENVS,822
EXPR,498
FDSC,817
FABS,222
FABS,417
FABS,452
FABS,493
FREN,252
FREN,319
FREN,334
FREN,343
GEOG,823
GEOG,840
GEOG,898
GEOL,330
GEOL,406
HIST,207
HIST,211
HIST,241
HIST,268
HIST,275
HIST,296
HIST,304
HIST,307
HIST,414
INDG,265
INDG,273
INDG,471
INDG,871
INTS,400
JSGS,811
JSGS,822
KIN,425
KIN,805
VLAC,811
VLAC,812
VLAC,891
LAW,312
LAW,442
LAW,456
LAW,461
LAW,486
LAW,494
LING,113
LING,248
LING,343
LING,370
LING,402
LING,404
LING,810
MATH,101
MATH,327
MATH,373
MATH,420
MATH,433
MATH,450
MATH,452
MATH,465
ME,460
ME,478
MCIM,425
MUS,243
MUS,283
MUS,298
MUS,398
MUS,464
MUS,854
EMUS,339
EMUS,448
NORD,835
NORD,857
PHAR,315
PHAR,359
PHAR,368
PHAR,375
PHAR,392
PHAR,395
PHAR,832
PHAR,833
PHIL,210
PHIL,218
PHIL,232
PHIL,238
PHIL,239
PHIL,285
PHIL,337
PHIL,362
PHIL,492
PHIL,862
PHYS,403
PHYS,482
PHYS,821
PHYS,886
PHYS,893
PLSC,260
PLSC,311
PLSC,413
PLSC,416
PLSC,425
PLSC,461
PLSC,470
PLSC,812
PLSC,825
PLSC,833
PLSC,881
POLS,221
POLS,303
POLS,327
POLS,328
POLS,368
PSY,810
PSY,812
PSY,831
PUBH,812
PUBH,832
RLST,215
RLST,253
RLST,285
RLST,321
RLST,802
RCM,409
SCP,819
VSAC,460
VSAC,826
VSAC,832
VSAC,851
SOC,242
SOC,307
SOC,398
SOC,400
SOC,800
SLSC,398
STAT,341
STAT,349
STAT,443
STAT,851
TOX,498
VBMS,826
VBMS,855
VTMC,833
